TIME,Kotel [imp],Boiler [imp],Rack [imp],Kotel [KWh],Boiler [KWh],Rack [KWh],DATE
10/11/2017 1:29:45,87,0,15,490.75,190.01,200.82,10/11/2017
10/11/2017 1:31:30,100,51,17,490.77,190.06,200.82,10/11/2017
10/11/2017 1:41:25,172,139,29,490.86,190.15,200.83,10/11/2017
10/11/2017 1:51:24,244,139,40,490.95,190.15,200.84,10/11/2017
10/11/2017 2:01:25,315,139,52,491.03,190.15,200.85,10/11/2017
10/11/2017 2:11:25,533,139,64,491.31,190.15,200.86,10/11/2017
10/11/2017 2:21:24,792,139,75,491.63,190.15,200.88,10/11/2017
10/11/2017 2:31:24,964,265,87,491.85,190.28,200.89,10/11/2017
10/11/2017 2:41:25,1142,265,98,492.07,190.28,200.90,10/11/2017
10/11/2017 2:51:25,1306,265,110,492.27,190.28,200.91,10/11/2017
10/11/2017 3:01:25,1472,265,122,492.48,190.28,200.92,10/11/2017
10/11/2017 3:11:25,1628,265,133,492.68,190.28,200.93,10/11/2017
10/11/2017 3:21:25,1786,412,145,492.87,190.42,200.95,10/11/2017
10/11/2017 3:31:25,1934,412,157,493.06,190.42,200.96,10/11/2017
10/11/2017 3:41:25,2084,412,168,493.25,190.42,200.97,10/11/2017
10/11/2017 3:51:24,2222,412,180,493.42,190.42,200.98,10/11/2017
10/11/2017 4:01:25,2360,412,192,493.59,190.42,200.99,10/11/2017
10/11/2017 4:11:25,2501,412,203,493.77,190.42,201.00,10/11/2017
10/11/2017 4:21:25,2638,547,215,493.94,190.56,201.02,10/11/2017
10/11/2017 4:31:25,2775,547,227,494.11,190.56,201.03,10/11/2017
10/11/2017 4:41:25,2898,547,238,494.26,190.56,201.04,10/11/2017
10/11/2017 4:51:24,2981,547,250,494.37,190.56,201.05,10/11/2017
10/11/2017 5:01:25,3060,547,262,494.47,190.56,201.06,10/11/2017
10/11/2017 5:11:25,3134,547,273,494.56,190.56,201.07,10/11/2017
10/11/2017 5:21:25,3208,547,285,494.65,190.56,201.09,10/11/2017
10/11/2017 5:31:24,3289,677,297,494.75,190.69,201.10,10/11/2017
10/11/2017 5:41:25,3358,677,308,494.84,190.69,201.11,10/11/2017
10/11/2017 5:51:25,3430,677,320,494.93,190.69,201.12,10/11/2017
10/11/2017 6:01:25,3500,677,331,495.02,190.69,201.13,10/11/2017
10/11/2017 6:11:25,3576,677,343,495.11,190.69,201.14,10/11/2017
10/11/2017 6:21:25,3647,677,353,495.20,190.69,201.15,10/11/2017
10/11/2017 6:31:25,3727,677,365,495.30,190.69,201.17,10/11/2017
10/11/2017 6:41:25,3800,677,376,495.39,190.69,201.18,10/11/2017
10/11/2017 6:51:25,3870,677,388,495.48,190.69,201.19,10/11/2017
10/11/2017 7:01:25,3939,677,399,495.56,190.69,201.20,10/11/2017
10/11/2017 7:11:25,3959,677,410,495.59,190.69,201.21,10/11/2017
10/11/2017 7:21:25,3961,677,421,495.59,190.69,201.22,10/11/2017
10/11/2017 7:31:25,3961,677,433,495.59,190.69,201.23,10/11/2017
10/11/2017 7:41:25,3962,677,444,495.59,190.69,201.24,10/11/2017
10/11/2017 7:51:25,3963,677,456,495.59,190.69,201.26,10/11/2017
10/11/2017 8:01:25,3964,677,467,495.60,190.69,201.27,10/11/2017
10/11/2017 8:11:25,4077,677,478,495.74,190.69,201.28,10/11/2017
10/11/2017 8:21:25,4362,677,489,496.09,190.69,201.29,10/11/2017
10/11/2017 8:31:25,4614,677,501,496.41,190.69,201.30,10/11/2017
10/11/2017 8:41:25,4782,677,512,496.62,190.69,201.31,10/11/2017
10/11/2017 8:51:25,4950,677,524,496.83,190.69,201.32,10/11/2017
10/11/2017 9:01:25,5105,677,536,497.02,190.69,201.34,10/11/2017
10/11/2017 9:11:25,5223,677,547,497.17,190.69,201.35,10/11/2017
10/11/2017 9:21:27,5358,677,559,497.34,190.69,201.36,10/11/2017
10/11/2017 9:31:25,5488,677,570,497.50,190.69,201.37,10/11/2017
10/11/2017 9:41:25,5613,677,582,497.66,190.69,201.38,10/11/2017
10/11/2017 9:51:25,5759,677,594,497.84,190.69,201.39,10/11/2017
10/11/2017 10:01:25,5850,677,605,497.95,190.69,201.41,10/11/2017
10/11/2017 10:11:25,5934,677,617,498.06,190.69,201.42,10/11/2017
10/11/2017 10:21:25,6035,677,628,498.18,190.69,201.43,10/11/2017
10/11/2017 10:31:25,6128,677,639,498.30,190.69,201.44,10/11/2017
10/11/2017 10:41:25,6232,677,650,498.43,190.69,201.45,10/11/2017
10/11/2017 10:51:26,6326,677,662,498.55,190.69,201.46,10/11/2017
10/11/2017 11:01:25,6392,677,673,498.63,190.69,201.47,10/11/2017
10/11/2017 11:11:25,6397,677,685,498.64,190.69,201.49,10/11/2017
10/11/2017 11:21:25,6398,677,696,498.64,190.69,201.50,10/11/2017
10/11/2017 11:31:25,6399,677,708,498.64,190.69,201.51,10/11/2017
10/11/2017 11:41:25,6399,677,720,498.64,190.69,201.52,10/11/2017
10/11/2017 11:51:25,6400,677,731,498.64,190.69,201.53,10/11/2017
10/11/2017 12:01:25,6518,677,743,498.79,190.69,201.54,10/11/2017
10/11/2017 12:11:25,6648,677,754,498.95,190.69,201.55,10/11/2017
10/11/2017 12:21:25,6751,677,765,499.08,190.69,201.57,10/11/2017
10/11/2017 12:31:26,6858,677,775,499.21,190.69,201.58,10/11/2017
10/11/2017 12:41:25,6925,677,786,499.30,190.69,201.59,10/11/2017
10/11/2017 12:51:25,6999,677,798,499.39,190.69,201.60,10/11/2017
10/11/2017 13:01:25,7083,677,810,499.49,190.69,201.61,10/11/2017
10/11/2017 13:11:26,7150,677,821,499.58,190.69,201.62,10/11/2017
10/11/2017 13:21:25,7238,677,831,499.69,190.69,201.63,10/11/2017
10/11/2017 13:31:25,7262,677,842,499.72,190.69,201.64,10/11/2017
10/11/2017 13:41:26,7269,677,853,499.73,190.69,201.65,10/11/2017
10/11/2017 13:51:25,7299,677,865,499.76,190.69,201.67,10/11/2017
10/11/2017 14:01:25,7319,677,876,499.79,190.69,201.68,10/11/2017
10/11/2017 14:11:25,7326,677,888,499.80,190.69,201.69,10/11/2017
10/11/2017 14:21:25,7332,677,898,499.81,190.69,201.70,10/11/2017
10/11/2017 14:31:25,7334,677,910,499.81,190.69,201.71,10/11/2017
10/11/2017 14:41:25,7334,677,922,499.81,190.69,201.72,10/11/2017
10/11/2017 14:51:25,7335,677,933,499.81,190.69,201.73,10/11/2017
10/11/2017 15:01:25,7336,677,945,499.81,190.69,201.75,10/11/2017
10/11/2017 15:11:25,7337,677,956,499.81,190.69,201.76,10/11/2017
10/11/2017 15:21:26,7343,677,967,499.82,190.69,201.77,10/11/2017
10/11/2017 15:31:25,7364,677,977,499.85,190.69,201.78,10/11/2017
10/11/2017 15:41:26,7398,677,989,499.89,190.69,201.79,10/11/2017
10/11/2017 15:51:25,7419,677,1000,499.91,190.69,201.80,10/11/2017
10/11/2017 16:01:25,7441,677,1012,499.94,190.69,201.81,10/11/2017
10/11/2017 16:11:26,7472,677,1023,499.98,190.69,201.82,10/11/2017
10/11/2017 16:21:25,7492,677,1034,500.01,190.69,201.83,10/11/2017
10/11/2017 16:31:25,7533,862,1044,500.06,190.87,201.84,10/11/2017
10/11/2017 16:41:25,7600,1188,1056,500.14,191.20,201.86,10/11/2017
10/11/2017 16:51:25,7657,1188,1067,500.21,191.20,201.87,10/11/2017
10/11/2017 17:02:05,7718,1321,1080,500.29,191.33,201.88,10/11/2017
10/11/2017 17:11:25,7770,1327,1090,500.35,191.34,201.89,10/11/2017
10/11/2017 17:21:25,7821,1327,1102,500.42,191.34,201.90,10/11/2017
10/11/2017 17:31:26,7870,1478,1112,500.48,191.49,201.91,10/11/2017
10/11/2017 17:41:26,7939,1478,1123,500.56,191.49,201.92,10/11/2017
10/11/2017 17:51:25,8007,1478,1133,500.65,191.49,201.93,10/11/2017
10/11/2017 18:01:26,8071,1478,1145,500.73,191.49,201.95,10/11/2017
10/11/2017 18:11:26,8159,1646,1157,500.84,191.66,201.96,10/11/2017
10/11/2017 18:21:26,8245,1646,1168,500.95,191.66,201.97,10/11/2017
10/11/2017 18:31:25,8360,1646,1180,501.09,191.66,201.98,10/11/2017
10/11/2017 18:41:25,8367,1646,1192,501.10,191.66,201.99,10/11/2017
10/11/2017 18:51:25,8368,1646,1203,501.10,191.66,202.00,10/11/2017
10/11/2017 19:01:25,8368,1646,1215,501.10,191.66,202.02,10/11/2017
10/11/2017 19:11:26,8369,1646,1227,501.10,191.66,202.03,10/11/2017
10/11/2017 19:21:25,8370,1646,1238,501.10,191.66,202.04,10/11/2017
10/11/2017 19:31:25,8371,1646,1250,501.10,191.66,202.05,10/11/2017
10/11/2017 19:41:26,8728,1646,1262,501.55,191.66,202.06,10/11/2017
10/11/2017 19:51:26,8994,1646,1273,501.88,191.66,202.07,10/11/2017
10/11/2017 20:01:26,9263,1646,1285,502.22,191.66,202.09,10/11/2017
10/11/2017 20:11:26,9504,1646,1297,502.52,191.66,202.10,10/11/2017
10/11/2017 20:21:25,9716,1646,1308,502.79,191.66,202.11,10/11/2017
10/11/2017 20:31:26,9918,1646,1320,503.04,191.66,202.12,10/11/2017
10/11/2017 20:41:25,10083,1646,1331,503.24,191.66,202.13,10/11/2017
10/11/2017 20:51:26,10280,1646,1343,503.49,191.66,202.14,10/11/2017
10/11/2017 21:01:26,10467,1646,1355,503.72,191.66,202.16,10/11/2017
10/11/2017 21:11:26,10652,1646,1366,503.96,191.66,202.17,10/11/2017
10/11/2017 21:21:29,10816,1646,1378,504.16,191.66,202.18,10/11/2017
10/11/2017 21:31:26,10919,1646,1390,504.29,191.66,202.19,10/11/2017
10/11/2017 21:41:26,11022,1646,1401,504.42,191.66,202.20,10/11/2017
10/11/2017 21:51:26,11115,1646,1413,504.53,191.66,202.21,10/11/2017
10/11/2017 22:01:26,11211,1646,1425,504.65,191.66,202.23,10/11/2017
10/11/2017 22:11:26,11304,1646,1436,504.77,191.66,202.24,10/11/2017
10/11/2017 22:21:26,11368,1646,1448,504.85,191.66,202.25,10/11/2017
10/11/2017 22:31:26,11453,1646,1459,504.96,191.66,202.26,10/11/2017
10/11/2017 22:41:26,11528,1646,1471,505.05,191.66,202.27,10/11/2017
10/11/2017 22:51:26,11600,1646,1482,505.14,191.66,202.28,10/11/2017
10/11/2017 23:01:26,11671,1646,1492,505.23,191.66,202.29,10/11/2017
10/11/2017 23:11:26,11741,1646,1504,505.32,191.66,202.30,10/11/2017
10/11/2017 23:21:26,11815,1646,1515,505.41,191.66,202.32,10/11/2017
10/11/2017 23:31:26,11887,1865,1527,505.50,191.88,202.33,10/11/2017
10/11/2017 23:41:26,11963,2279,1538,505.59,192.29,202.34,10/11/2017
10/11/2017 23:51:26,12037,2283,1549,505.69,192.29,202.35,10/11/2017
10/12/2017 0:01:26,12101,2458,1559,505.77,192.47,202.36,10/12/2017
10/12/2017 0:11:26,12174,2458,1569,505.86,192.47,202.37,10/12/2017
10/12/2017 0:21:26,12244,2652,1580,505.95,192.66,202.38,10/12/2017
10/12/2017 0:31:26,12314,2652,1591,506.03,192.66,202.39,10/12/2017
10/12/2017 0:41:26,12374,2654,1603,506.11,192.66,202.40,10/12/2017
10/12/2017 0:51:26,12446,2783,1614,506.20,192.79,202.41,10/12/2017
10/12/2017 1:01:26,12631,2783,1626,506.43,192.79,202.43,10/12/2017
10/12/2017 1:11:26,12683,2783,1638,506.49,192.79,202.44,10/12/2017
10/12/2017 1:21:26,12691,2953,1649,506.50,192.96,202.45,10/12/2017
10/12/2017 1:31:26,12722,2953,1661,506.54,192.96,202.46,10/12/2017
10/12/2017 1:41:26,12730,2953,1673,506.55,192.96,202.47,10/12/2017
10/12/2017 1:51:26,12738,2953,1684,506.56,192.96,202.48,10/12/2017
10/12/2017 2:01:26,12747,3087,1696,506.57,193.10,202.50,10/12/2017
10/12/2017 2:11:26,12769,3087,1708,506.60,193.10,202.51,10/12/2017
10/12/2017 2:21:26,12777,3087,1719,506.61,193.10,202.52,10/12/2017
10/12/2017 2:31:26,12786,3087,1731,506.62,193.10,202.53,10/12/2017
10/12/2017 2:41:26,12823,3087,1743,506.67,193.10,202.54,10/12/2017
10/12/2017 2:51:26,12831,3235,1754,506.68,193.25,202.55,10/12/2017
10/12/2017 3:01:26,12867,3235,1766,506.72,193.25,202.57,10/12/2017
10/12/2017 3:11:26,12875,3235,1777,506.73,193.25,202.58,10/12/2017
10/12/2017 3:21:26,12883,3235,1789,506.74,193.25,202.59,10/12/2017
10/12/2017 3:31:26,12916,3235,1800,506.79,193.25,202.60,10/12/2017
10/12/2017 3:41:26,12924,3235,1811,506.80,193.25,202.61,10/12/2017
10/12/2017 3:51:26,12959,3375,1821,506.84,193.39,202.62,10/12/2017
10/12/2017 4:01:26,12968,3375,1831,506.85,193.39,202.63,10/12/2017
10/12/2017 4:11:26,13103,3375,1842,507.02,193.39,202.64,10/12/2017
10/12/2017 4:21:26,13295,3375,1852,507.26,193.39,202.65,10/12/2017
10/12/2017 4:31:26,13445,3375,1864,507.45,193.39,202.66,10/12/2017
10/12/2017 4:41:26,13582,3375,1876,507.62,193.39,202.68,10/12/2017
10/12/2017 4:51:26,13693,3521,1886,507.76,193.53,202.69,10/12/2017
10/12/2017 5:01:26,13835,3521,1896,507.93,193.53,202.70,10/12/2017
10/12/2017 5:11:26,13957,3521,1907,508.09,193.53,202.71,10/12/2017
10/12/2017 5:21:26,14070,3521,1917,508.23,193.53,202.72,10/12/2017
10/12/2017 5:31:26,14153,3521,1928,508.33,193.53,202.73,10/12/2017
10/12/2017 5:41:26,14277,3521,1940,508.49,193.53,202.74,10/12/2017
10/12/2017 5:51:26,14378,3521,1951,508.61,193.53,202.75,10/12/2017
10/12/2017 6:01:26,14387,3521,1961,508.62,193.53,202.76,10/12/2017
10/12/2017 6:11:26,14395,3521,1971,508.63,193.53,202.77,10/12/2017
10/12/2017 6:21:26,14429,3521,1982,508.68,193.53,202.78,10/12/2017
10/12/2017 6:31:26,14437,3521,1992,508.69,193.53,202.79,10/12/2017
10/12/2017 6:41:26,14471,3521,2002,508.73,193.53,202.80,10/12/2017
10/12/2017 6:51:26,14479,3521,2012,508.74,193.53,202.81,10/12/2017
10/12/2017 7:01:26,14487,3521,2023,508.75,193.53,202.82,10/12/2017
10/12/2017 7:11:26,14509,3521,2033,508.78,193.53,202.83,10/12/2017
10/12/2017 7:21:26,14511,3521,2043,508.78,193.53,202.84,10/12/2017
10/12/2017 7:31:26,14512,3521,2055,508.78,193.53,202.86,10/12/2017
10/12/2017 7:41:26,14513,3521,2066,508.78,193.53,202.87,10/12/2017
10/12/2017 7:51:26,14513,3521,2077,508.78,193.53,202.88,10/12/2017
10/12/2017 8:01:26,14514,3521,2087,508.78,193.53,202.89,10/12/2017
10/12/2017 8:11:26,14569,3521,2098,508.85,193.53,202.90,10/12/2017
10/12/2017 8:21:26,14624,3521,2108,508.92,193.53,202.91,10/12/2017
10/12/2017 8:31:26,14661,3521,2118,508.97,193.53,202.92,10/12/2017
10/12/2017 8:41:26,14669,3521,2128,508.98,193.53,202.93,10/12/2017
10/12/2017 8:51:26,14684,3521,2140,509.00,193.53,202.94,10/12/2017
10/12/2017 9:01:26,14709,3521,2151,509.03,193.53,202.95,10/12/2017
10/12/2017 9:11:26,14717,3521,2163,509.04,193.53,202.96,10/12/2017
10/12/2017 9:21:26,14752,3521,2174,509.08,193.53,202.97,10/12/2017
10/12/2017 9:31:27,14761,3521,2184,509.09,193.53,202.98,10/12/2017
10/12/2017 9:41:29,14769,3521,2195,509.10,193.53,203.00,10/12/2017
10/12/2017 9:51:26,14777,3521,2205,509.11,193.53,203.01,10/12/2017
10/12/2017 10:01:27,14785,3521,2216,509.12,193.53,203.02,10/12/2017
10/12/2017 10:11:26,14793,3521,2227,509.13,193.53,203.03,10/12/2017
10/12/2017 10:21:26,14801,3521,2239,509.14,193.53,203.04,10/12/2017
10/12/2017 10:31:26,14809,3521,2249,509.15,193.53,203.05,10/12/2017
10/12/2017 10:41:27,14993,3521,2259,509.38,193.53,203.06,10/12/2017
10/12/2017 10:51:26,15075,3521,2270,509.48,193.53,203.07,10/12/2017
10/12/2017 11:01:26,15157,3521,2280,509.59,193.53,203.08,10/12/2017
10/12/2017 11:11:26,15163,3521,2291,509.59,193.53,203.09,10/12/2017
10/12/2017 11:21:27,15163,3521,2303,509.59,193.53,203.10,10/12/2017
10/12/2017 11:31:27,15164,3521,2314,509.60,193.53,203.11,10/12/2017
10/12/2017 11:41:27,15165,3521,2324,509.60,193.53,203.12,10/12/2017
10/12/2017 11:51:26,15166,3521,2334,509.60,193.53,203.13,10/12/2017
10/12/2017 12:01:26,15298,3521,2346,509.76,193.53,203.15,10/12/2017
10/12/2017 12:11:27,15434,3521,2357,509.93,193.53,203.16,10/12/2017
10/12/2017 12:21:27,15489,3521,2368,510.00,193.53,203.17,10/12/2017
10/12/2017 12:31:26,15546,3521,2378,510.07,193.53,203.18,10/12/2017
10/12/2017 12:41:26,15554,3521,2389,510.08,193.53,203.19,10/12/2017
10/12/2017 12:51:27,15562,3521,2399,510.09,193.53,203.20,10/12/2017
10/12/2017 13:01:26,15570,3521,2410,510.10,193.53,203.21,10/12/2017
10/12/2017 13:11:27,15578,3521,2422,510.11,193.53,203.22,10/12/2017
10/12/2017 13:21:27,15587,3521,2434,510.12,193.53,203.23,10/12/2017
10/12/2017 13:31:26,15595,3521,2446,510.13,193.53,203.25,10/12/2017
10/12/2017 13:41:26,15603,3521,2457,510.14,193.53,203.26,10/12/2017
10/12/2017 13:51:26,15611,3521,2469,510.15,193.53,203.27,10/12/2017
10/12/2017 14:01:26,15619,3521,2481,510.16,193.53,203.28,10/12/2017
10/12/2017 14:11:27,15627,3521,2493,510.17,193.53,203.29,10/12/2017
10/12/2017 14:21:26,15635,3521,2504,510.18,193.53,203.30,10/12/2017
10/12/2017 14:31:27,15636,3521,2516,510.19,193.53,203.32,10/12/2017
10/12/2017 14:41:27,15637,3521,2528,510.19,193.53,203.33,10/12/2017
10/12/2017 14:51:26,15638,3521,2539,510.19,193.53,203.34,10/12/2017
10/12/2017 15:01:27,15639,3521,2550,510.19,193.53,203.35,10/12/2017
10/12/2017 15:11:26,15639,3521,2561,510.19,193.53,203.36,10/12/2017
10/12/2017 15:21:26,15647,3521,2571,510.20,193.53,203.37,10/12/2017
10/12/2017 15:31:27,15655,3521,2581,510.21,193.53,203.38,10/12/2017
10/12/2017 15:41:27,15663,3521,2592,510.22,193.53,203.39,10/12/2017
10/12/2017 15:51:26,15672,3521,2602,510.23,193.53,203.40,10/12/2017
10/12/2017 16:01:26,15680,3521,2613,510.24,193.53,203.41,10/12/2017
10/12/2017 16:11:27,15688,3521,2623,510.25,193.53,203.42,10/12/2017
10/12/2017 16:21:26,15696,3521,2633,510.26,193.53,203.43,10/12/2017
10/12/2017 16:31:27,15704,3704,2644,510.27,193.71,203.44,10/12/2017
10/12/2017 16:41:27,15712,4034,2654,510.28,194.04,203.45,10/12/2017
10/12/2017 16:51:27,15720,4050,2665,510.29,194.06,203.47,10/12/2017
10/12/2017 17:01:27,15729,4204,2675,510.30,194.21,203.48,10/12/2017
10/12/2017 17:11:27,15737,4204,2686,510.31,194.21,203.49,10/12/2017
10/12/2017 17:21:27,15745,4352,2698,510.32,194.36,203.50,10/12/2017
10/12/2017 17:31:27,15753,4352,2709,510.33,194.36,203.51,10/12/2017
10/12/2017 17:41:27,15761,4352,2721,510.34,194.36,203.52,10/12/2017
10/12/2017 17:51:27,15769,4491,2733,510.35,194.50,203.53,10/12/2017
10/12/2017 18:01:27,15777,4491,2745,510.36,194.50,203.55,10/12/2017
10/12/2017 18:11:27,15786,4491,2757,510.37,194.50,203.56,10/12/2017
10/12/2017 18:21:27,15794,4491,2768,510.38,194.50,203.57,10/12/2017
10/12/2017 18:31:26,15802,4580,2780,510.39,194.59,203.58,10/12/2017
10/12/2017 18:41:27,15809,4580,2792,510.40,194.59,203.59,10/12/2017
10/12/2017 18:51:27,15811,4580,2804,510.40,194.59,203.60,10/12/2017
10/12/2017 19:01:27,15812,4580,2815,510.41,194.59,203.62,10/12/2017
10/12/2017 19:11:27,15812,4580,2827,510.41,194.59,203.63,10/12/2017
10/12/2017 19:21:27,15813,4580,2839,510.41,194.59,203.64,10/12/2017
10/12/2017 19:31:27,15814,4580,2850,510.41,194.59,203.65,10/12/2017
10/12/2017 19:41:26,15889,4580,2862,510.50,194.59,203.66,10/12/2017
10/12/2017 19:51:27,15948,4580,2874,510.58,194.59,203.67,10/12/2017
10/12/2017 20:01:27,15992,4580,2886,510.63,194.59,203.69,10/12/2017
10/12/2017 20:11:27,16058,4580,2897,510.71,194.59,203.70,10/12/2017
10/12/2017 20:21:27,16531,4580,2909,511.30,194.59,203.71,10/12/2017
10/12/2017 20:31:27,16931,4580,2921,511.80,194.59,203.72,10/12/2017
10/12/2017 20:41:27,17269,4580,2932,512.23,194.59,203.73,10/12/2017
10/12/2017 20:51:27,17579,4580,2942,512.61,194.59,203.74,10/12/2017
10/12/2017 21:01:27,17884,4580,2952,513.00,194.59,203.75,10/12/2017
10/12/2017 21:11:27,18159,4580,2963,513.34,194.59,203.76,10/12/2017
10/12/2017 21:21:27,18434,4580,2973,513.68,194.59,203.77,10/12/2017
10/12/2017 21:31:27,18667,4580,2985,513.97,194.59,203.79,10/12/2017
10/12/2017 21:41:27,18886,4580,2996,514.25,194.59,203.80,10/12/2017
10/12/2017 21:51:27,19087,4580,3007,514.50,194.59,203.81,10/12/2017
10/12/2017 22:01:27,19295,4580,3018,514.76,194.59,203.82,10/12/2017
10/12/2017 22:11:27,19500,4580,3028,515.02,194.59,203.83,10/12/2017
10/12/2017 22:21:27,19773,4580,3039,515.36,194.59,203.84,10/12/2017
10/12/2017 22:31:27,19979,4580,3049,515.61,194.59,203.85,10/12/2017
10/12/2017 22:41:27,20148,4580,3059,515.83,194.59,203.86,10/12/2017
10/12/2017 22:51:27,20361,4580,3070,516.09,194.59,203.87,10/12/2017
10/12/2017 23:01:27,20580,4580,3080,516.37,194.59,203.88,10/12/2017
10/12/2017 23:11:27,20727,4580,3091,516.55,194.59,203.89,10/12/2017
10/12/2017 23:21:27,20898,4580,3101,516.76,194.59,203.90,10/12/2017
10/12/2017 23:31:27,21082,4798,3111,516.99,194.81,203.91,10/12/2017
10/12/2017 23:41:27,21276,4936,3122,517.24,194.95,203.92,10/12/2017
10/12/2017 23:51:27,21434,4936,3132,517.43,194.95,203.93,10/12/2017
10/13/2017 0:01:28,21591,4936,3143,517.63,194.95,203.94,10/13/2017
10/13/2017 0:11:27,21695,4946,3153,517.76,194.96,203.95,10/13/2017
10/13/2017 0:21:27,21848,5309,3164,517.95,195.32,203.96,10/13/2017
10/13/2017 0:31:27,21977,5309,3176,518.11,195.32,203.98,10/13/2017
10/13/2017 0:41:27,22078,5309,3187,518.24,195.32,203.99,10/13/2017
10/13/2017 0:51:27,22196,5309,3199,518.39,195.32,204.00,10/13/2017
10/13/2017 1:01:27,22342,5309,3211,518.57,195.32,204.01,10/13/2017
10/13/2017 1:11:27,22455,5309,3222,518.71,195.32,204.02,10/13/2017
10/13/2017 1:21:27,22600,5309,3233,518.89,195.32,204.03,10/13/2017
10/13/2017 1:31:27,22688,5309,3245,519.00,195.32,204.05,10/13/2017
10/13/2017 1:41:27,22818,5309,3257,519.16,195.32,204.06,10/13/2017
10/13/2017 1:51:27,22960,5309,3268,519.34,195.32,204.07,10/13/2017
10/13/2017 2:01:27,23056,5430,3280,519.46,195.44,204.08,10/13/2017
10/13/2017 2:11:27,23179,5487,3292,519.61,195.50,204.09,10/13/2017
10/13/2017 2:21:27,23326,5487,3303,519.80,195.50,204.10,10/13/2017
10/13/2017 2:31:27,23415,5487,3315,519.91,195.50,204.12,10/13/2017
10/13/2017 2:41:27,23515,5487,3327,520.03,195.50,204.13,10/13/2017
10/13/2017 2:51:27,23661,5487,3339,520.22,195.50,204.14,10/13/2017
10/13/2017 3:01:27,23779,5487,3350,520.36,195.50,204.15,10/13/2017
10/13/2017 3:11:27,23876,5487,3362,520.49,195.50,204.16,10/13/2017
10/13/2017 3:21:27,23992,5487,3374,520.63,195.50,204.17,10/13/2017
10/13/2017 3:31:27,24114,5487,3386,520.78,195.50,204.19,10/13/2017
10/13/2017 3:41:27,24243,5487,3397,520.94,195.50,204.20,10/13/2017
10/13/2017 3:51:27,24340,5716,3409,521.07,195.73,204.21,10/13/2017
10/13/2017 4:01:27,24474,5716,3421,521.23,195.73,204.22,10/13/2017
10/13/2017 4:11:27,24594,5716,3432,521.38,195.73,204.23,10/13/2017
10/13/2017 4:21:27,24704,5716,3442,521.52,195.73,204.24,10/13/2017
10/13/2017 4:31:27,24831,5716,3453,521.68,195.73,204.25,10/13/2017
10/13/2017 4:41:27,24939,5716,3465,521.81,195.73,204.27,10/13/2017
10/13/2017 4:51:27,25043,5716,3476,521.94,195.73,204.28,10/13/2017
10/13/2017 5:01:27,25182,5716,3486,522.12,195.73,204.29,10/13/2017
10/13/2017 5:11:27,25271,5716,3497,522.23,195.73,204.30,10/13/2017
10/13/2017 5:21:28,25396,5716,3508,522.39,195.73,204.31,10/13/2017
10/13/2017 5:31:27,25520,5716,3520,522.54,195.73,204.32,10/13/2017
10/13/2017 5:41:27,25608,5716,3531,522.65,195.73,204.33,10/13/2017
10/13/2017 5:51:27,25746,5716,3543,522.82,195.73,204.34,10/13/2017
10/13/2017 6:01:27,25852,5716,3555,522.96,195.73,204.36,10/13/2017
10/13/2017 6:11:27,25957,5716,3565,523.09,195.73,204.37,10/13/2017
10/13/2017 6:21:27,26070,5716,3577,523.23,195.73,204.38,10/13/2017
10/13/2017 6:31:27,26205,5716,3588,523.40,195.73,204.39,10/13/2017
10/13/2017 6:41:27,26284,5716,3600,523.50,195.73,204.40,10/13/2017
10/13/2017 6:51:27,26421,5716,3612,523.67,195.73,204.41,10/13/2017
10/13/2017 7:01:27,26542,5716,3622,523.82,195.73,204.42,10/13/2017
10/13/2017 7:11:27,26573,5716,3633,523.86,195.73,204.43,10/13/2017
10/13/2017 7:21:28,26575,5716,3645,523.86,195.73,204.45,10/13/2017
10/13/2017 7:31:27,26576,5716,3657,523.86,195.73,204.46,10/13/2017
10/13/2017 7:41:28,26576,5716,3668,523.86,195.73,204.47,10/13/2017
10/13/2017 7:51:27,26577,5716,3680,523.86,195.73,204.48,10/13/2017
10/13/2017 8:01:27,26578,5716,3692,523.86,195.73,204.49,10/13/2017
10/13/2017 8:11:28,26824,5716,3704,524.17,195.73,204.50,10/13/2017
10/13/2017 8:21:27,27060,5716,3715,524.47,195.73,204.52,10/13/2017
10/13/2017 8:31:28,27337,5716,3727,524.81,195.73,204.53,10/13/2017
10/13/2017 8:41:27,27639,5716,3739,525.19,195.73,204.54,10/13/2017
10/13/2017 8:51:27,27880,5716,3750,525.49,195.73,204.55,10/13/2017
10/13/2017 9:01:27,28090,5716,3762,525.75,195.73,204.56,10/13/2017
10/13/2017 9:11:28,28235,5716,3773,525.93,195.73,204.57,10/13/2017
10/13/2017 9:21:27,28372,5716,3785,526.11,195.73,204.59,10/13/2017
10/13/2017 9:31:27,28541,5716,3797,526.32,195.73,204.60,10/13/2017
10/13/2017 9:41:27,28709,5716,3809,526.53,195.73,204.61,10/13/2017
10/13/2017 9:51:28,28785,5716,3820,526.62,195.73,204.62,10/13/2017
10/13/2017 10:01:28,28902,5716,3832,526.77,195.73,204.63,10/13/2017
10/13/2017 10:11:27,28973,5716,3844,526.86,195.73,204.64,10/13/2017
10/13/2017 10:21:28,29073,5716,3855,526.98,195.73,204.66,10/13/2017
10/13/2017 10:31:27,29169,5716,3866,527.10,195.73,204.67,10/13/2017
10/13/2017 10:41:27,29212,5716,3878,527.16,195.73,204.68,10/13/2017
10/13/2017 10:51:28,29221,5716,3890,527.17,195.73,204.69,10/13/2017
10/13/2017 11:01:27,29271,5716,3902,527.23,195.73,204.70,10/13/2017
10/13/2017 11:11:28,29276,5716,3913,527.24,195.73,204.71,10/13/2017
10/13/2017 11:21:27,29277,5716,3925,527.24,195.73,204.73,10/13/2017
10/13/2017 11:31:28,29278,5716,3937,527.24,195.73,204.74,10/13/2017
10/13/2017 11:41:27,29278,5716,3949,527.24,195.73,204.75,10/13/2017
10/13/2017 11:51:27,29279,5716,3960,527.24,195.73,204.76,10/13/2017
10/13/2017 12:01:28,29285,5716,3972,527.25,195.73,204.77,10/13/2017
10/13/2017 12:11:27,29331,5716,3984,527.30,195.73,204.78,10/13/2017
10/13/2017 12:21:28,29339,5716,3996,527.31,195.73,204.80,10/13/2017
10/13/2017 12:31:28,29347,5716,4007,527.32,195.73,204.81,10/13/2017
10/13/2017 12:41:27,29404,5716,4018,527.40,195.73,204.82,10/13/2017
10/13/2017 12:51:28,29464,5716,4030,527.47,195.73,204.83,10/13/2017
10/13/2017 13:01:27,29472,5716,4042,527.48,195.73,204.84,10/13/2017
10/13/2017 13:11:28,29521,5716,4054,527.54,195.73,204.85,10/13/2017
10/13/2017 13:21:28,29529,5716,4066,527.55,195.73,204.87,10/13/2017
10/13/2017 13:32:02,29537,5716,4078,527.56,195.73,204.88,10/13/2017
10/13/2017 13:41:28,29545,5716,4089,527.57,195.73,204.89,10/13/2017
10/13/2017 13:51:27,29553,5716,4101,527.58,195.73,204.90,10/13/2017
10/13/2017 14:01:28,29561,5716,4113,527.59,195.73,204.91,10/13/2017
10/13/2017 14:11:28,29570,5716,4124,527.60,195.73,204.92,10/13/2017
10/13/2017 14:21:28,29577,5716,4134,527.61,195.73,204.93,10/13/2017
10/13/2017 14:31:28,29579,5716,4146,527.61,195.73,204.95,10/13/2017
10/13/2017 14:41:28,29579,5716,4158,527.61,195.73,204.96,10/13/2017
10/13/2017 14:51:28,29580,5716,4170,527.62,195.73,204.97,10/13/2017
10/13/2017 15:01:28,29581,5716,4181,527.62,195.73,204.98,10/13/2017
10/13/2017 15:11:28,29582,5716,4193,527.62,195.73,204.99,10/13/2017
10/13/2017 15:21:28,29589,5716,4205,527.63,195.73,205.01,10/13/2017
10/13/2017 15:31:28,29597,5716,4216,527.64,195.73,205.02,10/13/2017
10/13/2017 15:41:28,29605,5716,4226,527.65,195.73,205.03,10/13/2017
10/13/2017 15:51:28,29614,5716,4237,527.66,195.73,205.04,10/13/2017
10/13/2017 16:01:27,29622,5716,4247,527.67,195.73,205.05,10/13/2017
10/13/2017 16:11:28,29630,5716,4258,527.68,195.73,205.06,10/13/2017
10/13/2017 16:21:28,29638,5716,4268,527.69,195.73,205.07,10/13/2017
10/13/2017 16:31:28,29702,5901,4278,527.77,195.91,205.08,10/13/2017
10/13/2017 16:41:28,29762,6058,4289,527.84,196.07,205.09,10/13/2017
10/13/2017 16:51:28,29774,6058,4299,527.86,196.07,205.10,10/13/2017
10/13/2017 17:01:28,29782,6058,4310,527.87,196.07,205.11,10/13/2017
10/13/2017 17:11:28,29790,6058,4320,527.88,196.07,205.12,10/13/2017
10/13/2017 17:21:28,29866,6058,4330,527.97,196.07,205.13,10/13/2017
10/13/2017 17:31:28,29971,6058,4341,528.10,196.07,205.14,10/13/2017
10/13/2017 17:41:28,30038,6266,4351,528.19,196.28,205.15,10/13/2017
10/13/2017 17:51:28,30151,6266,4362,528.33,196.28,205.16,10/13/2017
10/13/2017 18:01:28,30223,6266,4372,528.42,196.28,205.17,10/13/2017
10/13/2017 18:11:28,30344,6266,4383,528.57,196.28,205.18,10/13/2017
10/13/2017 18:21:28,30531,6266,4393,528.80,196.28,205.19,10/13/2017
10/13/2017 18:31:28,30652,6266,4403,528.96,196.28,205.20,10/13/2017
10/13/2017 18:41:28,30659,6266,4414,528.96,196.28,205.21,10/13/2017
10/13/2017 18:51:28,30661,6266,4424,528.97,196.28,205.22,10/13/2017
10/13/2017 19:01:28,30662,6266,4436,528.97,196.28,205.24,10/13/2017
10/13/2017 19:11:28,30662,6266,4448,528.97,196.28,205.25,10/13/2017
10/13/2017 19:21:28,30663,6266,4459,528.97,196.28,205.26,10/13/2017
10/13/2017 19:31:28,30664,6266,4469,528.97,196.28,205.27,10/13/2017
10/13/2017 19:41:28,30974,6266,4479,529.36,196.28,205.28,10/13/2017
10/13/2017 19:51:28,31186,6266,4490,529.62,196.28,205.29,10/13/2017
10/13/2017 20:01:28,31377,6266,4500,529.86,196.28,205.30,10/13/2017
10/13/2017 20:11:28,31505,6266,4510,530.02,196.28,205.31,10/13/2017
10/13/2017 20:21:29,31638,6266,4521,530.19,196.28,205.32,10/13/2017
10/13/2017 20:31:28,31803,6266,4531,530.39,196.28,205.33,10/13/2017
10/13/2017 20:41:28,31956,6266,4542,530.59,196.28,205.34,10/13/2017
10/13/2017 20:51:28,32080,6266,4552,530.74,196.28,205.35,10/13/2017
10/13/2017 21:01:28,32213,6266,4563,530.91,196.28,205.36,10/13/2017
10/13/2017 21:11:28,32334,6266,4573,531.06,196.28,205.37,10/13/2017
10/13/2017 21:21:28,32437,6266,4583,531.19,196.28,205.38,10/13/2017
10/13/2017 21:31:28,32601,6266,4595,531.39,196.28,205.40,10/13/2017
10/13/2017 21:41:29,32772,6266,4606,531.61,196.28,205.41,10/13/2017
10/13/2017 21:51:28,32891,6266,4618,531.75,196.28,205.42,10/13/2017
10/13/2017 22:01:28,33007,6266,4628,531.90,196.28,205.43,10/13/2017
10/13/2017 22:11:28,33152,6266,4638,532.08,196.28,205.44,10/13/2017
10/13/2017 22:21:28,33306,6266,4649,532.27,196.28,205.45,10/13/2017
10/13/2017 22:31:28,33395,6266,4659,532.38,196.28,205.46,10/13/2017
10/13/2017 22:41:28,33515,6266,4670,532.53,196.28,205.47,10/13/2017
10/13/2017 22:51:28,33665,6266,4680,532.72,196.28,205.48,10/13/2017
10/13/2017 23:01:28,33773,6266,4692,532.86,196.28,205.49,10/13/2017
10/13/2017 23:11:28,33878,6266,4703,532.99,196.28,205.50,10/13/2017
10/13/2017 23:21:28,33973,6266,4715,533.11,196.28,205.52,10/13/2017
10/13/2017 23:31:28,34142,6484,4727,533.32,196.49,205.53,10/13/2017
10/13/2017 23:41:28,34274,6615,4738,533.48,196.63,205.54,10/13/2017
10/13/2017 23:51:28,34392,6615,4748,533.63,196.63,205.55,10/13/2017
10/14/2017 0:01:28,34524,6615,4759,533.80,196.63,205.56,10/14/2017
10/14/2017 0:11:28,34682,6615,4769,533.99,196.63,205.57,10/14/2017
10/14/2017 0:21:29,34844,6804,4779,534.20,196.81,205.58,10/14/2017
10/14/2017 0:31:28,34933,6804,4791,534.31,196.81,205.59,10/14/2017
10/14/2017 0:41:28,35062,6804,4802,534.47,196.81,205.60,10/14/2017
10/14/2017 0:51:28,35162,6804,4814,534.59,196.81,205.61,10/14/2017
10/14/2017 1:01:29,35260,6804,4826,534.72,196.81,205.63,10/14/2017
10/14/2017 1:11:28,35367,6806,4837,534.85,196.82,205.64,10/14/2017
10/14/2017 1:21:28,35446,6806,4848,534.95,196.82,205.65,10/14/2017
10/14/2017 1:31:28,35454,6806,4860,534.96,196.82,205.66,10/14/2017
10/14/2017 1:41:28,35498,6806,4872,535.01,196.82,205.67,10/14/2017
10/14/2017 1:51:28,35538,6806,4883,535.06,196.82,205.68,10/14/2017
10/14/2017 2:01:28,35546,6806,4895,535.07,196.82,205.70,10/14/2017
10/14/2017 2:11:28,35554,6806,4906,535.08,196.82,205.71,10/14/2017
10/14/2017 2:21:28,35562,6806,4917,535.09,196.82,205.72,10/14/2017
10/14/2017 2:31:28,35596,6806,4928,535.14,196.82,205.73,10/14/2017
10/14/2017 2:41:28,35604,6806,4940,535.15,196.82,205.74,10/14/2017
10/14/2017 2:51:28,35612,6806,4951,535.16,196.82,205.75,10/14/2017
10/14/2017 3:01:28,35621,6806,4961,535.17,196.82,205.76,10/14/2017
10/14/2017 3:11:28,35629,6806,4972,535.18,196.82,205.77,10/14/2017
10/14/2017 3:21:29,35637,6806,4982,535.19,196.82,205.78,10/14/2017
10/14/2017 3:31:28,35645,6806,4992,535.20,196.82,205.79,10/14/2017
10/14/2017 3:41:28,35653,6806,5003,535.21,196.82,205.80,10/14/2017
10/14/2017 3:51:28,35678,6806,5013,535.24,196.82,205.81,10/14/2017
10/14/2017 4:01:28,35703,6806,5023,535.27,196.82,205.82,10/14/2017
10/14/2017 4:11:28,35735,6806,5034,535.31,196.82,205.83,10/14/2017
10/14/2017 4:21:28,35743,6806,5044,535.32,196.82,205.84,10/14/2017
10/14/2017 4:31:28,35752,6806,5055,535.33,196.82,205.86,10/14/2017
10/14/2017 4:41:28,35760,6806,5067,535.34,196.82,205.87,10/14/2017
10/14/2017 4:51:28,35768,6806,5078,535.35,196.82,205.88,10/14/2017
10/14/2017 5:01:28,35800,6806,5089,535.39,196.82,205.89,10/14/2017
10/14/2017 5:11:29,35808,6806,5099,535.40,196.82,205.90,10/14/2017
10/14/2017 5:21:28,35816,6806,5110,535.41,196.82,205.91,10/14/2017
10/14/2017 5:31:28,35845,6806,5120,535.45,196.82,205.92,10/14/2017
10/14/2017 5:41:29,35867,6806,5132,535.47,196.82,205.93,10/14/2017
10/14/2017 5:51:28,35875,6806,5143,535.48,196.82,205.94,10/14/2017
10/14/2017 6:01:28,35915,6806,5155,535.53,196.82,205.96,10/14/2017
10/14/2017 6:11:29,35923,6806,5167,535.54,196.82,205.97,10/14/2017
10/14/2017 6:21:29,35964,6806,5178,535.60,196.82,205.98,10/14/2017
10/14/2017 6:31:28,35972,6806,5189,535.61,196.82,205.99,10/14/2017
10/14/2017 6:41:28,35980,6806,5199,535.62,196.82,206.00,10/14/2017
10/14/2017 6:51:29,36021,6806,5210,535.67,196.82,206.01,10/14/2017
10/14/2017 7:01:28,36076,6806,5220,535.74,196.82,206.02,10/14/2017
10/14/2017 7:11:28,36114,6806,5230,535.78,196.82,206.03,10/14/2017
10/14/2017 7:21:29,36154,6806,5241,535.83,196.82,206.04,10/14/2017
10/14/2017 7:31:28,36193,6806,5252,535.88,196.82,206.05,10/14/2017
10/14/2017 7:41:28,36201,6806,5264,535.89,196.82,206.06,10/14/2017
10/14/2017 7:51:29,36202,6806,5275,535.89,196.82,206.08,10/14/2017
10/14/2017 8:01:29,36203,6806,5285,535.89,196.82,206.09,10/14/2017
10/14/2017 8:11:28,36204,6806,5296,535.90,196.82,206.10,10/14/2017
10/14/2017 8:21:28,36204,6806,5306,535.90,196.82,206.11,10/14/2017
10/14/2017 8:31:29,36205,6806,5316,535.90,196.82,206.12,10/14/2017
10/14/2017 8:41:29,36251,6806,5327,535.95,196.82,206.13,10/14/2017
10/14/2017 8:51:29,36322,6806,5338,536.04,196.82,206.14,10/14/2017
10/14/2017 9:01:29,36338,6806,5350,536.06,196.82,206.15,10/14/2017
10/14/2017 9:11:29,36346,6806,5361,536.07,196.82,206.16,10/14/2017
10/14/2017 9:21:29,36354,6806,5373,536.08,196.82,206.17,10/14/2017
10/14/2017 9:31:28,36362,6806,5383,536.09,196.82,206.18,10/14/2017
10/14/2017 9:41:29,36370,6806,5394,536.10,196.82,206.19,10/14/2017
10/14/2017 9:51:29,36378,6806,5404,536.11,196.82,206.20,10/14/2017
10/14/2017 10:01:28,36385,6806,5414,536.12,196.82,206.21,10/14/2017
10/14/2017 10:11:29,36392,6806,5426,536.13,196.82,206.23,10/14/2017
10/14/2017 10:21:29,36399,6806,5438,536.14,196.82,206.24,10/14/2017
10/14/2017 10:31:28,36405,6806,5448,536.15,196.82,206.25,10/14/2017
10/14/2017 10:41:29,36412,6806,5459,536.16,196.82,206.26,10/14/2017
10/14/2017 10:51:29,36418,6806,5469,536.16,196.82,206.27,10/14/2017
10/14/2017 11:01:29,36425,6806,5479,536.17,196.82,206.28,10/14/2017
10/14/2017 11:11:29,36431,6806,5490,536.18,196.82,206.29,10/14/2017
10/14/2017 11:21:29,36438,6806,5501,536.19,196.82,206.30,10/14/2017
10/14/2017 11:31:28,36445,6806,5513,536.20,196.82,206.31,10/14/2017
10/14/2017 11:41:28,36452,6806,5524,536.21,196.82,206.32,10/14/2017
10/14/2017 11:51:29,36459,6806,5534,536.21,196.82,206.33,10/14/2017
10/14/2017 12:01:28,36466,6806,5545,536.22,196.82,206.35,10/14/2017
10/14/2017 12:11:29,36473,6806,5556,536.23,196.82,206.36,10/14/2017
10/14/2017 12:21:29,36481,6806,5568,536.24,196.82,206.37,10/14/2017
10/14/2017 12:31:29,36488,6806,5579,536.25,196.82,206.38,10/14/2017
10/14/2017 12:41:29,36495,6806,5589,536.26,196.82,206.39,10/14/2017
10/14/2017 12:51:29,36502,6806,5599,536.27,196.82,206.40,10/14/2017
10/14/2017 13:01:28,36509,6806,5610,536.28,196.82,206.41,10/14/2017
10/14/2017 13:11:29,36516,6806,5620,536.29,196.82,206.42,10/14/2017
10/14/2017 13:21:29,36523,6806,5630,536.29,196.82,206.43,10/14/2017
10/14/2017 13:31:29,36529,6806,5641,536.30,196.82,206.44,10/14/2017
10/14/2017 13:41:29,36536,6806,5651,536.31,196.82,206.45,10/14/2017
10/14/2017 13:51:29,36542,6806,5661,536.32,196.82,206.46,10/14/2017
10/14/2017 14:01:29,36548,6806,5672,536.33,196.82,206.47,10/14/2017
10/14/2017 14:11:29,36555,6806,5682,536.33,196.82,206.48,10/14/2017
10/14/2017 14:21:29,36561,6806,5693,536.34,196.82,206.49,10/14/2017
10/14/2017 14:31:29,36569,6806,5705,536.35,196.82,206.51,10/14/2017
10/14/2017 14:41:29,36576,6806,5716,536.36,196.82,206.52,10/14/2017
10/14/2017 14:51:29,36583,6806,5727,536.37,196.82,206.53,10/14/2017
10/14/2017 15:01:29,36590,6806,5737,536.38,196.82,206.54,10/14/2017
10/14/2017 15:11:29,36597,6810,5747,536.39,196.82,206.55,10/14/2017
10/14/2017 15:21:29,36604,7123,5758,536.40,197.13,206.56,10/14/2017
10/14/2017 15:31:29,36611,7123,5768,536.40,197.13,206.57,10/14/2017
10/14/2017 15:41:29,36618,7123,5779,536.41,197.13,206.58,10/14/2017
10/14/2017 15:51:29,36625,7123,5789,536.42,197.13,206.59,10/14/2017
10/14/2017 16:01:29,36632,7123,5799,536.43,197.13,206.60,10/14/2017
10/14/2017 16:11:29,36639,7123,5810,536.44,197.13,206.61,10/14/2017
10/14/2017 16:21:29,36647,7123,5820,536.45,197.13,206.62,10/14/2017
10/14/2017 16:31:29,36654,7123,5830,536.46,197.13,206.63,10/14/2017
10/14/2017 16:41:29,36661,7242,5841,536.47,197.25,206.64,10/14/2017
10/14/2017 16:51:29,36668,7329,5851,536.48,197.34,206.65,10/14/2017
10/14/2017 17:01:29,36675,7329,5862,536.48,197.34,206.66,10/14/2017
10/14/2017 17:11:29,36683,7329,5873,536.49,197.34,206.67,10/14/2017
10/14/2017 17:21:29,36692,7329,5885,536.51,197.34,206.69,10/14/2017
10/14/2017 17:31:29,36700,7329,5897,536.52,197.34,206.70,10/14/2017
10/14/2017 17:41:29,36707,7329,5909,536.52,197.34,206.71,10/14/2017
10/14/2017 17:51:29,36715,7329,5921,536.53,197.34,206.72,10/14/2017
10/14/2017 18:01:29,36722,7329,5932,536.54,197.34,206.73,10/14/2017
10/14/2017 18:11:29,36730,7329,5944,536.55,197.34,206.74,10/14/2017
10/14/2017 18:21:29,36737,7329,5956,536.56,197.34,206.76,10/14/2017
10/14/2017 18:31:29,36744,7329,5968,536.57,197.34,206.77,10/14/2017
10/14/2017 18:41:29,36883,7329,5979,536.74,197.34,206.78,10/14/2017
10/14/2017 18:51:29,37147,7329,5991,537.07,197.34,206.79,10/14/2017
10/14/2017 19:01:29,37232,7329,6003,537.18,197.34,206.80,10/14/2017
10/14/2017 19:11:29,37327,7329,6014,537.30,197.34,206.81,10/14/2017
10/14/2017 19:21:29,37423,7329,6026,537.42,197.34,206.83,10/14/2017
10/14/2017 19:31:29,37511,7329,6037,537.53,197.34,206.84,10/14/2017
10/14/2017 19:41:29,37610,7329,6047,537.65,197.34,206.85,10/14/2017
10/14/2017 19:51:29,37702,7329,6058,537.77,197.34,206.86,10/14/2017
10/14/2017 20:01:29,37709,7329,6068,537.78,197.34,206.87,10/14/2017
10/14/2017 20:11:29,37716,7329,6078,537.79,197.34,206.88,10/14/2017
10/14/2017 20:21:29,37723,7329,6089,537.79,197.34,206.89,10/14/2017
10/14/2017 20:31:29,37730,7329,6101,537.80,197.34,206.90,10/14/2017
10/14/2017 20:41:29,37738,7329,6113,537.81,197.34,206.91,10/14/2017
10/14/2017 20:51:29,37745,7329,6125,537.82,197.34,206.93,10/14/2017
10/14/2017 21:01:29,37752,7329,6137,537.83,197.34,206.94,10/14/2017
10/14/2017 21:11:29,37759,7329,6148,537.84,197.34,206.95,10/14/2017
10/14/2017 21:21:29,37766,7329,6160,537.85,197.34,206.96,10/14/2017
10/14/2017 21:31:30,37773,7329,6172,537.86,197.34,206.97,10/14/2017
10/14/2017 21:41:29,37780,7329,6183,537.87,197.34,206.98,10/14/2017
10/14/2017 21:51:29,37787,7329,6195,537.87,197.34,207.00,10/14/2017
10/14/2017 22:01:29,37795,7329,6207,537.88,197.34,207.01,10/14/2017
10/14/2017 22:11:29,37802,7329,6219,537.89,197.34,207.02,10/14/2017
10/14/2017 22:21:29,37809,7329,6230,537.90,197.34,207.03,10/14/2017
10/14/2017 22:31:30,37816,7329,6242,537.91,197.34,207.04,10/14/2017
10/14/2017 22:41:29,37823,7329,6252,537.92,197.34,207.05,10/14/2017
10/14/2017 22:51:29,37830,7504,6263,537.93,197.51,207.06,10/14/2017
10/14/2017 23:01:29,37837,7739,6273,537.94,197.75,207.07,10/14/2017
10/14/2017 23:11:29,37844,7739,6284,537.95,197.75,207.08,10/14/2017
10/14/2017 23:21:30,37851,7767,6294,537.95,197.78,207.09,10/14/2017
10/14/2017 23:31:29,37859,7926,6304,537.96,197.94,207.10,10/14/2017
10/14/2017 23:41:29,37866,7926,6315,537.97,197.94,207.12,10/14/2017
10/14/2017 23:51:29,37873,7926,6325,537.98,197.94,207.13,10/14/2017
10/15/2017 0:01:29,37880,7926,6336,537.99,197.94,207.14,10/15/2017
10/15/2017 0:11:29,37887,7926,6346,538.00,197.94,207.15,10/15/2017
10/15/2017 0:21:30,37894,8099,6356,538.01,198.11,207.16,10/15/2017
10/15/2017 0:31:29,37901,8099,6368,538.02,198.11,207.17,10/15/2017
10/15/2017 0:41:29,37908,8099,6379,538.03,198.11,207.18,10/15/2017
10/15/2017 0:51:29,37915,8099,6391,538.03,198.11,207.19,10/15/2017
10/15/2017 1:01:30,37923,8099,6403,538.04,198.11,207.20,10/15/2017
10/15/2017 1:11:29,37930,8099,6415,538.05,198.11,207.22,10/15/2017
10/15/2017 1:21:29,37937,8099,6425,538.06,198.11,207.23,10/15/2017
10/15/2017 1:31:30,37944,8202,6437,538.07,198.21,207.24,10/15/2017
10/15/2017 1:41:29,37951,8277,6449,538.08,198.29,207.25,10/15/2017
10/15/2017 1:51:29,37958,8277,6460,538.09,198.29,207.26,10/15/2017
10/15/2017 2:01:29,37965,8277,6472,538.10,198.29,207.27,10/15/2017
10/15/2017 2:11:30,37972,8277,6484,538.11,198.29,207.28,10/15/2017
10/15/2017 2:21:29,37979,8277,6495,538.11,198.29,207.30,10/15/2017
10/15/2017 2:31:29,37987,8277,6507,538.12,198.29,207.31,10/15/2017
10/15/2017 2:41:30,37994,8277,6519,538.13,198.29,207.32,10/15/2017
10/15/2017 2:51:29,38001,8277,6530,538.14,198.29,207.33,10/15/2017
10/15/2017 3:01:29,38008,8277,6542,538.15,198.29,207.34,10/15/2017
10/15/2017 3:11:30,38015,8277,6553,538.16,198.29,207.35,10/15/2017
10/15/2017 3:21:29,38022,8460,6563,538.17,198.47,207.36,10/15/2017
10/15/2017 3:31:29,38029,8460,6574,538.18,198.47,207.37,10/15/2017
10/15/2017 3:41:29,38036,8460,6584,538.19,198.47,207.38,10/15/2017
10/15/2017 3:51:29,38043,8460,6595,538.19,198.47,207.40,10/15/2017
10/15/2017 4:01:29,38051,8460,6605,538.20,198.47,207.41,10/15/2017
10/15/2017 4:11:29,38058,8460,6615,538.21,198.47,207.42,10/15/2017
10/15/2017 4:21:30,38065,8460,6626,538.22,198.47,207.43,10/15/2017
10/15/2017 4:31:29,38072,8460,6636,538.23,198.47,207.44,10/15/2017
10/15/2017 4:41:30,38079,8460,6648,538.24,198.47,207.45,10/15/2017
10/15/2017 4:51:29,38086,8460,6659,538.25,198.47,207.46,10/15/2017
10/15/2017 5:01:29,38093,8460,6670,538.26,198.47,207.47,10/15/2017
10/15/2017 5:11:30,38101,8460,6681,538.27,198.47,207.48,10/15/2017
10/15/2017 5:21:30,38109,8460,6691,538.28,198.47,207.49,10/15/2017
10/15/2017 5:31:29,38118,8460,6701,538.29,198.47,207.50,10/15/2017
10/15/2017 5:41:30,38126,8460,6712,538.30,198.47,207.51,10/15/2017
10/15/2017 5:51:30,38134,8460,6724,538.31,198.47,207.52,10/15/2017
10/15/2017 6:01:30,38142,8460,6736,538.32,198.47,207.54,10/15/2017
10/15/2017 6:11:30,38150,8460,6746,538.33,198.47,207.55,10/15/2017
10/15/2017 6:21:30,38158,8460,6756,538.34,198.47,207.56,10/15/2017
10/15/2017 6:31:30,38167,8460,6767,538.35,198.47,207.57,10/15/2017
10/15/2017 6:41:30,38175,8460,6777,538.36,198.47,207.58,10/15/2017
10/15/2017 6:51:30,38183,8460,6787,538.37,198.47,207.59,10/15/2017
10/15/2017 7:01:30,38191,8460,6798,538.38,198.47,207.60,10/15/2017
10/15/2017 7:11:30,38199,8460,6808,538.39,198.47,207.61,10/15/2017
10/15/2017 7:21:30,38207,8460,6819,538.40,198.47,207.62,10/15/2017
10/15/2017 7:31:30,38216,8460,6830,538.41,198.47,207.63,10/15/2017
10/15/2017 7:41:29,38223,8460,6842,538.42,198.47,207.64,10/15/2017
10/15/2017 7:51:30,38231,8460,6853,538.43,198.47,207.65,10/15/2017
10/15/2017 8:01:30,38238,8460,6863,538.44,198.47,207.66,10/15/2017
10/15/2017 8:11:30,38245,8460,6873,538.45,198.47,207.67,10/15/2017
10/15/2017 8:21:30,38252,8460,6884,538.46,198.47,207.68,10/15/2017
10/15/2017 8:31:29,38258,8460,6894,538.46,198.47,207.69,10/15/2017
10/15/2017 8:41:30,38265,8460,6904,538.47,198.47,207.70,10/15/2017
10/15/2017 8:51:30,38273,8460,6916,538.48,198.47,207.72,10/15/2017
10/15/2017 9:01:30,38280,8460,6927,538.49,198.47,207.73,10/15/2017
10/15/2017 9:11:30,38287,8460,6939,538.50,198.47,207.74,10/15/2017
10/15/2017 9:21:30,38294,8460,6951,538.51,198.47,207.75,10/15/2017
10/15/2017 9:31:30,38301,8460,6962,538.52,198.47,207.76,10/15/2017
10/15/2017 9:41:30,38308,8460,6972,538.53,198.47,207.77,10/15/2017
10/15/2017 9:51:30,38315,8460,6982,538.53,198.47,207.78,10/15/2017
10/15/2017 10:01:30,38323,8460,6993,538.54,198.47,207.79,10/15/2017
10/15/2017 10:11:30,38330,8460,7005,538.55,198.47,207.81,10/15/2017
10/15/2017 10:21:30,38336,8460,7017,538.56,198.47,207.82,10/15/2017
10/15/2017 10:31:30,38343,8460,7028,538.57,198.47,207.83,10/15/2017
10/15/2017 10:41:30,38349,8460,7040,538.58,198.47,207.84,10/15/2017
10/15/2017 10:51:30,38356,8460,7050,538.59,198.47,207.85,10/15/2017
10/15/2017 11:01:30,38362,8460,7060,538.59,198.47,207.86,10/15/2017
10/15/2017 11:11:30,38368,8460,7071,538.60,198.47,207.87,10/15/2017
10/15/2017 11:21:30,38375,8460,7082,538.61,198.47,207.88,10/15/2017
10/15/2017 11:31:30,38382,8460,7094,538.62,198.47,207.89,10/15/2017
10/15/2017 11:41:30,38389,8460,7105,538.63,198.47,207.91,10/15/2017
10/15/2017 11:51:30,38397,8460,7115,538.64,198.47,207.92,10/15/2017
10/15/2017 12:01:30,38404,8460,7126,538.65,198.47,207.93,10/15/2017
10/15/2017 12:11:30,38411,8460,7137,538.65,198.47,207.94,10/15/2017
10/15/2017 12:21:30,38418,8460,7149,538.66,198.47,207.95,10/15/2017
10/15/2017 12:31:30,38425,8460,7160,538.67,198.47,207.96,10/15/2017
10/15/2017 12:41:30,38432,8460,7172,538.68,198.47,207.97,10/15/2017
10/15/2017 12:51:30,38439,8460,7182,538.69,198.47,207.98,10/15/2017
10/15/2017 13:01:30,38446,8460,7193,538.70,198.47,207.99,10/15/2017
10/15/2017 13:11:30,38453,8460,7203,538.71,198.47,208.00,10/15/2017
10/15/2017 13:21:30,38460,8460,7213,538.72,198.47,208.01,10/15/2017
10/15/2017 13:31:30,38466,8460,7224,538.72,198.47,208.02,10/15/2017
10/15/2017 13:41:30,38473,8460,7234,538.73,198.47,208.03,10/15/2017
10/15/2017 13:51:30,38479,8460,7245,538.74,198.47,208.05,10/15/2017
10/15/2017 14:01:30,38485,8460,7255,538.75,198.47,208.06,10/15/2017
10/15/2017 14:11:31,38492,8460,7265,538.76,198.47,208.07,10/15/2017
10/15/2017 14:21:30,38498,8460,7276,538.76,198.47,208.08,10/15/2017
10/15/2017 14:31:30,38506,8460,7288,538.77,198.47,208.09,10/15/2017
10/15/2017 14:41:30,38513,8460,7300,538.78,198.47,208.10,10/15/2017
10/15/2017 14:51:30,38520,8460,7310,538.79,198.47,208.11,10/15/2017
10/15/2017 15:01:30,38527,8460,7320,538.80,198.47,208.12,10/15/2017
10/15/2017 15:11:30,38534,8460,7331,538.81,198.47,208.13,10/15/2017
10/15/2017 15:21:30,38541,8460,7341,538.82,198.47,208.14,10/15/2017
10/15/2017 15:31:30,38548,8460,7352,538.83,198.47,208.15,10/15/2017
10/15/2017 15:41:30,38555,8460,7362,538.83,198.47,208.16,10/15/2017
10/15/2017 15:51:30,38562,8460,7372,538.84,198.47,208.17,10/15/2017
10/15/2017 16:01:30,38569,8460,7383,538.85,198.47,208.18,10/15/2017
10/15/2017 16:11:30,38576,8460,7393,538.86,198.47,208.19,10/15/2017
10/15/2017 16:21:30,38583,8460,7404,538.87,198.47,208.20,10/15/2017
10/15/2017 16:31:30,38590,8460,7414,538.88,198.47,208.21,10/15/2017
10/15/2017 16:41:30,38597,8460,7424,538.89,198.47,208.22,10/15/2017
10/15/2017 16:51:30,38604,8460,7435,538.90,198.47,208.24,10/15/2017
10/15/2017 17:01:30,38612,8460,7445,538.91,198.47,208.25,10/15/2017
10/15/2017 17:11:30,38619,8460,7456,538.91,198.47,208.26,10/15/2017
10/15/2017 17:21:30,38626,8460,7466,538.92,198.47,208.27,10/15/2017
10/15/2017 17:31:30,38633,8460,7476,538.93,198.47,208.28,10/15/2017
10/15/2017 17:41:30,38639,8460,7488,538.94,198.47,208.29,10/15/2017
10/15/2017 17:51:30,38646,8460,7499,538.95,198.47,208.30,10/15/2017
10/15/2017 18:01:30,38652,8460,7511,538.96,198.47,208.31,10/15/2017
10/15/2017 18:11:30,38658,8460,7523,538.96,198.47,208.32,10/15/2017
10/15/2017 18:21:30,38665,8460,7534,538.97,198.47,208.33,10/15/2017
10/15/2017 18:31:30,38671,8460,7545,538.98,198.47,208.35,10/15/2017
10/15/2017 18:41:30,38678,8460,7557,538.99,198.47,208.36,10/15/2017
10/15/2017 18:51:30,38685,8460,7567,539.00,198.47,208.37,10/15/2017
10/15/2017 19:01:30,38692,8460,7578,539.01,198.47,208.38,10/15/2017
10/15/2017 19:11:30,38699,8460,7588,539.01,198.47,208.39,10/15/2017
10/15/2017 19:21:30,38706,8460,7599,539.02,198.47,208.40,10/15/2017
10/15/2017 19:31:30,38713,8460,7610,539.03,198.47,208.41,10/15/2017
10/15/2017 19:41:30,38720,8460,7622,539.04,198.47,208.42,10/15/2017
10/15/2017 19:51:30,38727,8460,7633,539.05,198.47,208.43,10/15/2017
10/15/2017 20:01:30,38734,8460,7643,539.06,198.47,208.44,10/15/2017
10/15/2017 20:11:30,38741,8460,7654,539.07,198.47,208.45,10/15/2017
10/15/2017 20:21:31,38748,8460,7664,539.08,198.47,208.46,10/15/2017
10/15/2017 20:31:31,38755,8460,7674,539.08,198.47,208.47,10/15/2017
10/15/2017 20:41:30,38762,8460,7685,539.09,198.47,208.49,10/15/2017
10/15/2017 20:51:31,38770,8460,7695,539.10,198.47,208.50,10/15/2017
10/15/2017 21:01:30,38777,8460,7705,539.11,198.47,208.51,10/15/2017
10/15/2017 21:11:30,38784,8460,7716,539.12,198.47,208.52,10/15/2017
10/15/2017 21:21:30,38791,8460,7726,539.13,198.47,208.53,10/15/2017
10/15/2017 21:31:31,38798,8460,7737,539.14,198.47,208.54,10/15/2017
10/15/2017 21:41:30,38805,8460,7749,539.15,198.47,208.55,10/15/2017
10/15/2017 21:51:30,38812,8460,7760,539.16,198.47,208.56,10/15/2017
10/15/2017 22:01:30,38819,8460,7770,539.16,198.47,208.57,10/15/2017
10/15/2017 22:11:30,38826,8460,7781,539.17,198.47,208.58,10/15/2017
10/15/2017 22:21:30,38833,8460,7791,539.18,198.47,208.59,10/15/2017
10/15/2017 22:31:30,38840,8460,7802,539.19,198.47,208.60,10/15/2017
10/15/2017 22:41:31,38847,8460,7812,539.20,198.47,208.61,10/15/2017
10/15/2017 22:51:30,38854,8460,7822,539.21,198.47,208.62,10/15/2017
10/15/2017 23:01:30,38861,8460,7833,539.22,198.47,208.63,10/15/2017
10/15/2017 23:11:30,38868,8460,7843,539.23,198.47,208.64,10/15/2017
10/15/2017 23:21:31,38875,8460,7853,539.23,198.47,208.65,10/15/2017
10/15/2017 23:31:30,38882,8460,7864,539.24,198.47,208.66,10/15/2017
10/15/2017 23:41:30,38889,8460,7874,539.25,198.47,208.67,10/15/2017
10/15/2017 23:51:31,38896,8460,7884,539.26,198.47,208.68,10/15/2017
10/16/2017 0:01:31,38903,8460,7895,539.27,198.47,208.70,10/16/2017
10/16/2017 0:11:30,38910,8460,7905,539.28,198.47,208.71,10/16/2017
10/16/2017 0:21:30,38917,8460,7916,539.29,198.47,208.72,10/16/2017
10/16/2017 0:31:31,38925,8460,7927,539.30,198.47,208.73,10/16/2017
10/16/2017 0:41:30,38932,8460,7939,539.31,198.47,208.74,10/16/2017
10/16/2017 0:51:31,38939,8460,7951,539.31,198.47,208.75,10/16/2017
10/16/2017 1:01:30,38946,8460,7962,539.32,198.47,208.76,10/16/2017
10/16/2017 1:11:31,38953,8460,7974,539.33,198.47,208.77,10/16/2017
10/16/2017 1:21:31,38960,8460,7986,539.34,198.47,208.79,10/16/2017
10/16/2017 1:31:31,38967,8460,7998,539.35,198.47,208.80,10/16/2017
10/16/2017 1:41:30,38974,8460,8009,539.36,198.47,208.81,10/16/2017
10/16/2017 1:51:31,38981,8460,8021,539.37,198.47,208.82,10/16/2017
10/16/2017 2:01:31,38988,8460,8033,539.38,198.47,208.83,10/16/2017
10/16/2017 2:11:31,38995,8460,8044,539.38,198.47,208.84,10/16/2017
10/16/2017 2:21:31,39002,8460,8056,539.39,198.47,208.86,10/16/2017
10/16/2017 2:31:30,39009,8460,8068,539.40,198.47,208.87,10/16/2017
10/16/2017 2:41:31,39016,8460,8079,539.41,198.47,208.88,10/16/2017
10/16/2017 2:51:31,39023,8460,8091,539.42,198.47,208.89,10/16/2017
10/16/2017 3:01:31,39030,8460,8103,539.43,198.47,208.90,10/16/2017
10/16/2017 3:11:31,39037,8460,8114,539.44,198.47,208.91,10/16/2017
10/16/2017 3:21:31,39044,8460,8125,539.45,198.47,208.93,10/16/2017
10/16/2017 3:31:31,39051,8460,8135,539.45,198.47,208.94,10/16/2017
10/16/2017 3:41:31,39059,8460,8145,539.46,198.47,208.95,10/16/2017
10/16/2017 3:51:31,39066,8460,8156,539.47,198.47,208.96,10/16/2017
10/16/2017 4:01:31,39073,8460,8166,539.48,198.47,208.97,10/16/2017
10/16/2017 4:11:31,39080,8460,8177,539.49,198.47,208.98,10/16/2017
10/16/2017 4:21:31,39087,8460,8187,539.50,198.47,208.99,10/16/2017
10/16/2017 4:31:31,39094,8460,8197,539.51,198.47,209.00,10/16/2017
10/16/2017 4:41:31,39101,8460,8208,539.52,198.47,209.01,10/16/2017
10/16/2017 4:51:30,39108,8460,8220,539.53,198.47,209.02,10/16/2017
10/16/2017 5:01:31,39115,8460,8231,539.53,198.47,209.03,10/16/2017
10/16/2017 5:11:31,39122,8460,8242,539.54,198.47,209.04,10/16/2017
10/16/2017 5:21:31,39129,8460,8252,539.55,198.47,209.05,10/16/2017
10/16/2017 5:31:31,39136,8460,8263,539.56,198.47,209.06,10/16/2017
10/16/2017 5:41:31,39143,8460,8273,539.57,198.47,209.07,10/16/2017
10/16/2017 5:51:31,39150,8460,8284,539.58,198.47,209.08,10/16/2017
10/16/2017 6:01:31,39157,8460,8296,539.59,198.47,209.10,10/16/2017
10/16/2017 6:11:31,39164,8460,8308,539.60,198.47,209.11,10/16/2017
10/16/2017 6:21:31,39171,8460,8319,539.60,198.47,209.12,10/16/2017
10/16/2017 6:31:31,39179,8460,8330,539.61,198.47,209.13,10/16/2017
10/16/2017 6:41:31,39186,8460,8340,539.62,198.47,209.14,10/16/2017
10/16/2017 6:51:31,39193,8460,8351,539.63,198.47,209.15,10/16/2017
10/16/2017 7:01:30,39200,8460,8361,539.64,198.47,209.16,10/16/2017
10/16/2017 7:11:31,39206,8460,8371,539.65,198.47,209.17,10/16/2017
10/16/2017 7:21:31,39213,8460,8382,539.66,198.47,209.18,10/16/2017
10/16/2017 7:31:31,39219,8460,8393,539.66,198.47,209.19,10/16/2017
10/16/2017 7:41:31,39225,8460,8405,539.67,198.47,209.21,10/16/2017
10/16/2017 7:51:31,39232,8460,8416,539.68,198.47,209.22,10/16/2017
10/16/2017 8:01:31,39238,8460,8427,539.69,198.47,209.23,10/16/2017
10/16/2017 8:11:31,39245,8460,8438,539.70,198.47,209.24,10/16/2017
10/16/2017 8:21:31,39252,8460,8448,539.71,198.47,209.25,10/16/2017
10/16/2017 8:31:31,39259,8460,8458,539.71,198.47,209.26,10/16/2017
10/16/2017 8:41:31,39266,8460,8469,539.72,198.47,209.27,10/16/2017
10/16/2017 8:51:32,39273,8460,8480,539.73,198.47,209.28,10/16/2017
10/16/2017 9:01:31,39281,8460,8492,539.74,198.47,209.29,10/16/2017
10/16/2017 9:11:31,39288,8460,8504,539.75,198.47,209.30,10/16/2017
10/16/2017 9:21:31,39295,8460,8515,539.76,198.47,209.32,10/16/2017
10/16/2017 9:31:31,39302,8460,8527,539.77,198.47,209.33,10/16/2017
10/16/2017 9:41:31,39309,8460,8539,539.78,198.47,209.34,10/16/2017
10/16/2017 9:51:31,39316,8460,8550,539.79,198.47,209.35,10/16/2017
10/16/2017 10:01:31,39323,8460,8561,539.79,198.47,209.36,10/16/2017
10/16/2017 10:11:31,39330,8460,8573,539.80,198.47,209.37,10/16/2017
10/16/2017 10:21:31,39337,8460,8585,539.81,198.47,209.39,10/16/2017
10/16/2017 10:31:31,39344,8460,8595,539.82,198.47,209.40,10/16/2017
10/16/2017 10:41:31,39351,8460,8606,539.83,198.47,209.41,10/16/2017
10/16/2017 10:51:31,39358,8460,8616,539.84,198.47,209.42,10/16/2017
10/16/2017 11:01:31,39365,8460,8627,539.85,198.47,209.43,10/16/2017
10/16/2017 11:11:31,39371,8460,8637,539.85,198.47,209.44,10/16/2017
10/16/2017 11:21:31,39378,8460,8647,539.86,198.47,209.45,10/16/2017
10/16/2017 11:31:31,39384,8460,8659,539.87,198.47,209.46,10/16/2017
10/16/2017 11:41:31,39390,8460,8671,539.88,198.47,209.47,10/16/2017
10/16/2017 11:51:31,39397,8460,8681,539.89,198.47,209.48,10/16/2017
10/16/2017 12:01:31,39404,8460,8692,539.90,198.47,209.49,10/16/2017
10/16/2017 12:11:31,39411,8460,8702,539.90,198.47,209.50,10/16/2017
10/16/2017 12:22:02,39418,8460,8714,539.91,198.47,209.51,10/16/2017
10/16/2017 12:31:31,39425,8460,8726,539.92,198.47,209.53,10/16/2017
10/16/2017 12:41:31,39432,8460,8736,539.93,198.47,209.54,10/16/2017
10/16/2017 12:51:31,39439,8460,8747,539.94,198.47,209.55,10/16/2017
10/16/2017 13:01:31,39446,8460,8757,539.95,198.47,209.56,10/16/2017
10/16/2017 13:11:33,39453,8460,8768,539.96,198.47,209.57,10/16/2017
10/16/2017 13:21:31,39460,8460,8778,539.97,198.47,209.58,10/16/2017
10/16/2017 13:31:34,39467,8460,8788,539.97,198.47,209.59,10/16/2017
10/16/2017 13:41:31,39474,8460,8799,539.98,198.47,209.60,10/16/2017
10/16/2017 13:51:31,39481,8460,8809,539.99,198.47,209.61,10/16/2017
10/16/2017 14:01:31,39488,8460,8820,540.00,198.47,209.62,10/16/2017
10/16/2017 14:11:31,39495,8460,8830,540.01,198.47,209.63,10/16/2017
10/16/2017 14:21:31,39502,8460,8841,540.02,198.47,209.64,10/16/2017
10/16/2017 14:31:31,39508,8460,8853,540.03,198.47,209.65,10/16/2017
10/16/2017 14:41:31,39515,8460,8864,540.03,198.47,209.66,10/16/2017
10/16/2017 14:51:31,39521,8460,8875,540.04,198.47,209.68,10/16/2017
10/16/2017 15:01:31,39527,8460,8885,540.05,198.47,209.69,10/16/2017
10/16/2017 15:11:31,39534,8460,8896,540.06,198.47,209.70,10/16/2017
10/16/2017 15:21:31,39541,8460,8906,540.07,198.47,209.71,10/16/2017
10/16/2017 15:31:31,39548,8460,8916,540.08,198.47,209.72,10/16/2017
10/16/2017 15:41:31,39555,8460,8927,540.08,198.47,209.73,10/16/2017
10/16/2017 15:51:31,39562,8460,8937,540.09,198.47,209.74,10/16/2017
10/16/2017 16:01:31,39569,8460,8948,540.10,198.47,209.75,10/16/2017
10/16/2017 16:11:31,39576,8460,8958,540.11,198.47,209.76,10/16/2017
10/16/2017 16:21:31,39583,8460,8969,540.12,198.47,209.77,10/16/2017
10/16/2017 16:31:31,39590,8460,8981,540.13,198.47,209.78,10/16/2017
10/16/2017 16:41:31,39598,8460,8992,540.14,198.47,209.79,10/16/2017
10/16/2017 16:51:31,39605,8460,9004,540.15,198.47,209.80,10/16/2017
10/16/2017 17:01:32,39612,8460,9015,540.16,198.47,209.82,10/16/2017
10/16/2017 17:11:31,39619,8460,9026,540.16,198.47,209.83,10/16/2017
10/16/2017 17:21:31,39626,8460,9037,540.17,198.47,209.84,10/16/2017
10/16/2017 17:31:31,39633,8460,9047,540.18,198.47,209.85,10/16/2017
10/16/2017 17:41:31,39640,8460,9058,540.19,198.47,209.86,10/16/2017
10/16/2017 17:51:31,39647,8460,9068,540.20,198.47,209.87,10/16/2017
10/16/2017 18:01:32,39654,8460,9079,540.21,198.47,209.88,10/16/2017
10/16/2017 18:11:32,39661,8460,9089,540.22,198.47,209.89,10/16/2017
10/16/2017 18:21:32,39668,8460,9099,540.23,198.47,209.90,10/16/2017
10/16/2017 18:31:31,39675,8460,9110,540.23,198.47,209.91,10/16/2017
10/16/2017 18:41:32,39682,8460,9120,540.24,198.47,209.92,10/16/2017
10/16/2017 18:51:32,39688,8460,9130,540.25,198.47,209.93,10/16/2017
10/16/2017 19:01:31,39694,8460,9141,540.26,198.47,209.94,10/16/2017
10/16/2017 19:11:32,39701,8460,9151,540.27,198.47,209.95,10/16/2017
10/16/2017 19:21:31,39707,8460,9162,540.27,198.47,209.96,10/16/2017
10/16/2017 19:31:31,39714,8460,9172,540.28,198.47,209.97,10/16/2017
10/16/2017 19:41:31,39721,8460,9184,540.29,198.47,209.98,10/16/2017
10/16/2017 19:51:31,39728,8460,9196,540.30,198.47,210.00,10/16/2017
10/16/2017 20:01:31,39735,8460,9208,540.31,198.47,210.01,10/16/2017
10/16/2017 20:11:32,39742,8460,9219,540.32,198.47,210.02,10/16/2017
10/16/2017 20:21:31,39749,8460,9231,540.33,198.47,210.03,10/16/2017
10/16/2017 20:31:31,39756,8460,9242,540.34,198.47,210.04,10/16/2017
10/16/2017 20:41:31,39763,8460,9253,540.34,198.47,210.05,10/16/2017
10/16/2017 20:51:32,39770,8460,9263,540.35,198.47,210.06,10/16/2017
10/16/2017 21:01:32,39777,8460,9274,540.36,198.47,210.07,10/16/2017
10/16/2017 21:11:32,39784,8460,9284,540.37,198.47,210.08,10/16/2017
10/16/2017 21:21:31,39792,8460,9295,540.38,198.47,210.10,10/16/2017
10/16/2017 21:31:32,39799,8460,9306,540.39,198.47,210.11,10/16/2017
10/16/2017 21:41:32,39806,8460,9317,540.40,198.47,210.12,10/16/2017
10/16/2017 21:51:32,39813,8460,9329,540.41,198.47,210.13,10/16/2017
10/16/2017 22:01:32,39820,8460,9340,540.42,198.47,210.14,10/16/2017
10/16/2017 22:11:31,39827,8460,9351,540.42,198.47,210.15,10/16/2017
10/16/2017 22:21:31,39834,8460,9361,540.43,198.47,210.16,10/16/2017
10/16/2017 22:31:32,39841,8460,9372,540.44,198.47,210.17,10/16/2017
10/16/2017 22:41:32,39848,8460,9382,540.45,198.47,210.18,10/16/2017
10/16/2017 22:51:32,39855,8460,9392,540.46,198.47,210.19,10/16/2017
10/16/2017 23:01:32,39863,8460,9403,540.47,198.47,210.20,10/16/2017
10/16/2017 23:11:31,39870,8460,9413,540.48,198.47,210.21,10/16/2017
10/16/2017 23:21:32,39877,8460,9423,540.49,198.47,210.22,10/16/2017
10/16/2017 23:31:32,39884,8460,9434,540.50,198.47,210.23,10/16/2017
10/16/2017 23:41:32,39891,8460,9444,540.50,198.47,210.24,10/16/2017
10/16/2017 23:51:32,39898,8460,9455,540.51,198.47,210.26,10/16/2017
10/17/2017 0:01:33,39905,8460,9465,540.52,198.47,210.27,10/17/2017
10/17/2017 0:11:32,39912,8460,9475,540.53,198.47,210.28,10/17/2017
10/17/2017 0:21:32,39919,8460,9486,540.54,198.47,210.29,10/17/2017
10/17/2017 0:31:32,39927,8460,9497,540.55,198.47,210.30,10/17/2017
10/17/2017 0:41:32,39934,8460,9509,540.56,198.47,210.31,10/17/2017
10/17/2017 0:51:31,39941,8460,9520,540.57,198.47,210.32,10/17/2017
10/17/2017 1:01:32,39948,8460,9532,540.58,198.47,210.33,10/17/2017
10/17/2017 1:11:32,39955,8460,9544,540.58,198.47,210.34,10/17/2017
10/17/2017 1:21:32,39962,8460,9555,540.59,198.47,210.36,10/17/2017
10/17/2017 1:31:32,39969,8460,9567,540.60,198.47,210.37,10/17/2017
10/17/2017 1:41:31,39976,8460,9579,540.61,198.47,210.38,10/17/2017
10/17/2017 1:51:32,39983,8460,9590,540.62,198.47,210.39,10/17/2017
10/17/2017 2:01:32,39991,8460,9602,540.63,198.47,210.40,10/17/2017
10/17/2017 2:11:31,39998,8460,9614,540.64,198.47,210.41,10/17/2017
10/17/2017 2:21:32,40005,8460,9625,540.65,198.47,210.43,10/17/2017
10/17/2017 2:31:32,40012,8460,9637,540.66,198.47,210.44,10/17/2017
10/17/2017 2:41:31,40019,8460,9649,540.66,198.47,210.45,10/17/2017
10/17/2017 2:51:32,40026,8460,9660,540.67,198.47,210.46,10/17/2017
10/17/2017 3:01:32,40033,8460,9672,540.68,198.47,210.47,10/17/2017
10/17/2017 3:11:32,40040,8460,9683,540.69,198.47,210.48,10/17/2017
10/17/2017 3:21:32,40048,8460,9693,540.70,198.47,210.49,10/17/2017
10/17/2017 3:31:32,40055,8460,9704,540.71,198.47,210.50,10/17/2017
10/17/2017 3:41:32,40062,8460,9714,540.72,198.47,210.51,10/17/2017
10/17/2017 3:51:32,40069,8460,9725,540.73,198.47,210.53,10/17/2017
10/17/2017 4:01:32,40076,8460,9735,540.74,198.47,210.54,10/17/2017
10/17/2017 4:11:32,40083,8460,9745,540.74,198.47,210.55,10/17/2017
10/17/2017 4:21:32,40090,8460,9756,540.75,198.47,210.56,10/17/2017
10/17/2017 4:31:32,40097,8460,9766,540.76,198.47,210.57,10/17/2017
10/17/2017 4:41:31,40102,8460,9776,540.77,198.47,210.58,10/17/2017
10/17/2017 4:51:32,40108,8460,9788,540.78,198.47,210.59,10/17/2017
10/17/2017 5:01:35,40114,8460,9800,540.78,198.47,210.60,10/17/2017
10/17/2017 5:11:32,40119,8460,9811,540.79,198.47,210.61,10/17/2017
10/17/2017 5:21:32,40125,8460,9821,540.80,198.47,210.62,10/17/2017
10/17/2017 5:31:32,40131,8460,9831,540.80,198.47,210.63,10/17/2017
10/17/2017 5:41:32,40136,8460,9842,540.81,198.47,210.64,10/17/2017
10/17/2017 5:51:32,40142,8460,9852,540.82,198.47,210.65,10/17/2017
10/17/2017 6:01:32,40148,8460,9864,540.83,198.47,210.66,10/17/2017
10/17/2017 6:11:32,40153,8460,9876,540.83,198.47,210.68,10/17/2017
10/17/2017 6:21:32,40159,8460,9886,540.84,198.47,210.69,10/17/2017
10/17/2017 6:31:32,40164,8460,9896,540.85,198.47,210.70,10/17/2017
10/17/2017 6:41:32,40170,8460,9907,540.85,198.47,210.71,10/17/2017
10/17/2017 6:51:32,40176,8460,9917,540.86,198.47,210.72,10/17/2017
10/17/2017 7:01:32,40181,8460,9928,540.87,198.47,210.73,10/17/2017
10/17/2017 7:11:32,40186,8460,9940,540.87,198.47,210.74,10/17/2017
10/17/2017 7:21:32,40191,8460,9951,540.88,198.47,210.75,10/17/2017
10/17/2017 7:31:32,40196,8460,9963,540.89,198.47,210.76,10/17/2017
10/17/2017 7:41:32,40201,8460,9974,540.89,198.47,210.77,10/17/2017
10/17/2017 7:51:32,40207,8460,9986,540.90,198.47,210.79,10/17/2017
10/17/2017 8:01:32,40212,8460,9998,540.91,198.47,210.80,10/17/2017
10/17/2017 8:11:32,40534,8460,10009,541.31,198.47,210.81,10/17/2017
10/17/2017 8:21:32,40823,8460,10019,541.67,198.47,210.82,10/17/2017
10/17/2017 8:31:32,41100,8460,10029,542.02,198.47,210.83,10/17/2017
10/17/2017 8:41:32,41236,8460,10040,542.19,198.47,210.84,10/17/2017
10/17/2017 8:51:32,41326,8460,10051,542.30,198.47,210.85,10/17/2017
10/17/2017 9:01:32,41405,8460,10063,542.40,198.47,210.86,10/17/2017
10/17/2017 9:12:10,41411,8460,10075,542.40,198.47,210.88,10/17/2017
10/17/2017 9:21:32,41416,8460,10085,542.41,198.47,210.89,10/17/2017
10/17/2017 9:31:32,41422,8460,10097,542.42,198.47,210.90,10/17/2017
10/17/2017 9:41:35,41428,8460,10108,542.43,198.47,210.91,10/17/2017
10/17/2017 9:51:32,41433,8460,10118,542.43,198.47,210.92,10/17/2017
10/17/2017 10:01:32,41439,8460,10129,542.44,198.47,210.93,10/17/2017
10/17/2017 10:11:32,41445,8460,10141,542.45,198.47,210.94,10/17/2017
10/17/2017 10:21:32,41450,8460,10152,542.45,198.47,210.95,10/17/2017
10/17/2017 10:31:32,41456,8460,10163,542.46,198.47,210.96,10/17/2017
10/17/2017 10:41:32,41462,8460,10174,542.47,198.47,210.97,10/17/2017
10/17/2017 10:51:32,41467,8460,10185,542.47,198.47,210.99,10/17/2017
10/17/2017 11:01:32,41473,8460,10197,542.48,198.47,211.00,10/17/2017
10/17/2017 11:11:32,41478,8460,10209,542.49,198.47,211.01,10/17/2017
10/17/2017 11:21:32,41483,8460,10220,542.49,198.47,211.02,10/17/2017
10/17/2017 11:31:32,41487,8460,10231,542.50,198.47,211.03,10/17/2017
10/17/2017 11:41:32,41492,8460,10242,542.51,198.47,211.04,10/17/2017
10/17/2017 11:51:32,41497,8460,10254,542.51,198.47,211.05,10/17/2017
10/17/2017 12:01:32,41503,8460,10264,542.52,198.47,211.06,10/17/2017
10/17/2017 12:11:32,41509,8460,10275,542.53,198.47,211.08,10/17/2017
10/17/2017 12:21:32,41514,8460,10286,542.53,198.47,211.09,10/17/2017
10/17/2017 12:31:32,41520,8460,10298,542.54,198.47,211.10,10/17/2017
10/17/2017 12:41:32,41526,8460,10310,542.55,198.47,211.11,10/17/2017
10/17/2017 12:51:32,41531,8460,10321,542.55,198.47,211.12,10/17/2017
10/17/2017 13:01:32,41537,8460,10333,542.56,198.47,211.13,10/17/2017
10/17/2017 13:11:32,41543,8460,10345,542.57,198.47,211.15,10/17/2017
10/17/2017 13:21:32,41548,8460,10357,542.58,198.47,211.16,10/17/2017
10/17/2017 13:31:32,41554,8460,10368,542.58,198.47,211.17,10/17/2017
10/17/2017 13:41:32,41559,8460,10379,542.59,198.47,211.18,10/17/2017
10/17/2017 13:51:32,41565,8460,10390,542.60,198.47,211.19,10/17/2017
10/17/2017 14:01:33,41571,8460,10400,542.60,198.47,211.20,10/17/2017
10/17/2017 14:11:32,41576,8460,10412,542.61,198.47,211.21,10/17/2017
10/17/2017 14:21:32,41581,8460,10424,542.62,198.47,211.22,10/17/2017
10/17/2017 14:31:32,41586,8460,10435,542.62,198.47,211.24,10/17/2017
10/17/2017 14:41:32,41591,8460,10447,542.63,198.47,211.25,10/17/2017
10/17/2017 14:51:32,41596,8460,10459,542.64,198.47,211.26,10/17/2017
10/17/2017 15:01:33,41601,8460,10471,542.64,198.47,211.27,10/17/2017
10/17/2017 15:11:32,41606,8460,10482,542.65,198.47,211.28,10/17/2017
10/17/2017 15:21:32,41612,8460,10494,542.66,198.47,211.29,10/17/2017
10/17/2017 15:31:32,41618,8460,10506,542.66,198.47,211.31,10/17/2017
10/17/2017 15:41:33,41623,8460,10518,542.67,198.47,211.32,10/17/2017
10/17/2017 15:51:32,41629,8460,10530,542.68,198.47,211.33,10/17/2017
10/17/2017 16:01:32,41635,8460,10541,542.68,198.47,211.34,10/17/2017
10/17/2017 16:11:33,41640,8460,10553,542.69,198.47,211.35,10/17/2017
10/17/2017 16:21:32,41646,8460,10565,542.70,198.47,211.37,10/17/2017
10/17/2017 16:31:32,41652,8460,10577,542.71,198.47,211.38,10/17/2017
10/17/2017 16:41:32,41657,8460,10589,542.71,198.47,211.39,10/17/2017
10/17/2017 16:51:32,41663,8460,10600,542.72,198.47,211.40,10/17/2017
10/17/2017 17:01:33,41669,8460,10612,542.73,198.47,211.41,10/17/2017
10/17/2017 17:11:32,41675,8460,10624,542.73,198.47,211.42,10/17/2017
10/17/2017 17:21:33,41680,8460,10636,542.74,198.47,211.44,10/17/2017
10/17/2017 17:31:32,41686,8460,10647,542.75,198.47,211.45,10/17/2017
10/17/2017 17:41:32,41692,8460,10659,542.76,198.47,211.46,10/17/2017
10/17/2017 17:51:33,41697,8460,10671,542.76,198.47,211.47,10/17/2017
10/17/2017 18:01:33,41703,8460,10683,542.77,198.47,211.48,10/17/2017
10/17/2017 18:11:33,41709,8460,10694,542.78,198.47,211.49,10/17/2017
10/17/2017 18:21:33,41714,8460,10706,542.78,198.47,211.51,10/17/2017
10/17/2017 18:31:33,41720,8460,10718,542.79,198.47,211.52,10/17/2017
10/17/2017 18:41:33,41725,8460,10730,542.80,198.47,211.53,10/17/2017
10/17/2017 18:51:33,41730,8460,10741,542.80,198.47,211.54,10/17/2017
10/17/2017 19:01:33,41735,8460,10753,542.81,198.47,211.55,10/17/2017
10/17/2017 19:12:11,41740,8460,10766,542.82,198.47,211.57,10/17/2017
10/17/2017 19:21:32,41745,8460,10776,542.82,198.47,211.58,10/17/2017
10/17/2017 19:31:33,41750,8460,10788,542.83,198.47,211.59,10/17/2017
10/17/2017 19:41:33,41756,8460,10800,542.84,198.47,211.60,10/17/2017
10/17/2017 19:51:33,41761,8460,10812,542.84,198.47,211.61,10/17/2017
10/17/2017 20:01:33,41767,8460,10824,542.85,198.47,211.62,10/17/2017
10/17/2017 20:11:33,41773,8460,10836,542.86,198.47,211.64,10/17/2017
10/17/2017 20:21:32,41778,8460,10847,542.86,198.47,211.65,10/17/2017
10/17/2017 20:31:32,41784,8460,10859,542.87,198.47,211.66,10/17/2017
10/17/2017 20:41:33,41790,8460,10871,542.88,198.47,211.67,10/17/2017
10/17/2017 20:51:33,41795,8460,10883,542.88,198.47,211.68,10/17/2017
10/17/2017 21:01:33,41801,8460,10895,542.89,198.47,211.70,10/17/2017
10/17/2017 21:11:32,41807,8460,10906,542.90,198.47,211.71,10/17/2017
10/17/2017 21:21:33,41812,8460,10918,542.91,198.47,211.72,10/17/2017
10/17/2017 21:31:32,41818,8460,10930,542.91,198.47,211.73,10/17/2017